shipment_id,order_id,carrier_id,origin_city,destination_city,distance_km,shipping_cost_inr,weight_kg,dispatch_date,vehicle_number
SHP5001,ORD1001,CAR031,Mumbai,Surat,1883,21595,489.7,2026-07-05,MH-28-AB-3990
SHP5002,ORD1002,CAR020,Delhi,Nagpur,1377,17654,318.9,2026-07-06,MH-23-AB-1933
SHP5003,ORD1003,CAR024,Hyderabad,Nagpur,2091,9504,67.5,2026-07-07,MH-62-AB-3723
SHP5004,ORD1004,CAR025,Bengaluru,Indore,1167,11252,339.7,2026-07-08,MH-49-AB-1285
SHP5005,ORD1005,CAR036,Hyderabad,Patna,1677,44860,165.9,2026-07-09,MH-18-AB-7816
SHP5006,ORD1006,CAR021,Nagpur,Kanpur,1111,28319,344.7,2026-07-10,MH-61-AB-2762
SHP5007,ORD1007,CAR030,Chennai,Vadodara,873,38132,39.5,2026-07-11,MH-68-AB-1040
SHP5008,ORD1008,CAR024,Ahmedabad,Lucknow,1914,28015,91.6,2026-07-12,MH-77-AB-9259
SHP5009,ORD1009,CAR044,Chennai,Nagpur,1301,25717,428.6,2026-07-13,MH-17-AB-8804
SHP5010,ORD1010,CAR042,Jaipur,Kanpur,1550,24672,117.5,2026-07-14,MH-95-AB-4198
SHP5011,ORD1011,CAR030,Delhi,Nagpur,406,34494,419.3,2026-07-15,MH-64-AB-8183
SHP5012,ORD1012,CAR022,Hyderabad,Vadodara,878,16536,143.2,2026-07-16,MH-71-AB-3479
SHP5013,ORD1013,CAR028,Pune,Lucknow,107,13239,323.2,2026-07-17,MH-39-AB-6154
SHP5014,ORD1014,CAR007,Ahmedabad,Indore,575,33720,348.6,2026-07-18,MH-20-AB-2492
SHP5015,ORD1015,CAR035,Pune,Surat,1420,11087,258.8,2026-07-19,MH-30-AB-2348
SHP5016,ORD1016,CAR028,Hyderabad,Indore,584,31629,156.1,2026-07-20,MH-57-AB-8851
SHP5017,ORD1017,CAR014,Nagpur,Nagpur,1004,2145,110.3,2026-07-21,MH-42-AB-8156
SHP5018,ORD1018,CAR010,Chennai,Indore,658,32430,21.4,2026-07-22,MH-82-AB-4516
SHP5019,ORD1019,CAR016,Hyderabad,Kanpur,2067,17799,155.5,2026-07-23,MH-18-AB-5577
SHP5020,ORD1020,CAR016,Nagpur,Pune,1227,31590,328.3,2026-07-24,MH-97-AB-8468
SHP5021,ORD1021,CAR031,Chennai,Nagpur,1333,23453,469.5,2026-07-25,MH-96-AB-2447
SHP5022,ORD1022,CAR042,Nagpur,Nagpur,567,27975,436.2,2026-07-26,MH-85-AB-7581
SHP5023,ORD1023,CAR025,Mumbai,Kanpur,947,20388,384.2,2026-07-27,MH-85-AB-7317
SHP5024,ORD1024,CAR013,Bengaluru,Patna,358,17587,395.3,2026-07-28,MH-56-AB-1526
SHP5025,ORD1025,CAR006,Delhi,Lucknow,382,10846,334.2,2026-07-29,MH-28-AB-7748
SHP5026,ORD1026,CAR044,Nagpur,Surat,1749,2087,133.8,2026-07-30,MH-31-AB-8986
SHP5027,ORD1027,CAR009,Mumbai,Kanpur,1998,14263,454.1,2026-07-31,MH-47-AB-4740
SHP5028,ORD1028,CAR045,Pune,Lucknow,139,43445,337.0,2026-08-01,MH-60-AB-2846
SHP5029,ORD1029,CAR036,Bengaluru,Vadodara,1114,5579,282.4,2026-08-02,MH-80-AB-1771
SHP5030,ORD1030,CAR043,Bengaluru,Lucknow,712,37616,59.9,2026-08-03,MH-31-AB-9770
SHP5031,ORD1031,CAR020,Jaipur,Vadodara,2015,21715,226.3,2026-08-04,MH-95-AB-1193
SHP5032,ORD1032,CAR018,Hyderabad,Kanpur,787,27317,232.9,2026-08-05,MH-97-AB-2185
SHP5033,ORD1033,CAR043,Mumbai,Nagpur,712,26265,433.0,2026-08-06,MH-64-AB-5005
SHP5034,ORD1034,CAR021,Delhi,Nagpur,1881,31612,275.6,2026-08-07,MH-15-AB-3261
SHP5035,ORD1035,CAR004,Ahmedabad,Patna,1910,27056,193.3,2026-08-08,MH-34-AB-7716
SHP5036,ORD1036,CAR050,Mumbai,Kanpur,1647,19599,488.5,2026-08-09,MH-21-AB-9921
SHP5037,ORD1037,CAR033,Bengaluru,Vadodara,2030,7950,59.8,2026-08-10,MH-36-AB-8815
SHP5038,ORD1038,CAR027,Jaipur,Lucknow,1252,14730,214.2,2026-08-11,MH-92-AB-4451
SHP5039,ORD1039,CAR007,Nagpur,Lucknow,674,30509,25.8,2026-08-12,MH-74-AB-3800
SHP5040,ORD1040,CAR006,Jaipur,Vadodara,2010,6933,371.3,2026-08-13,MH-49-AB-9333
SHP5041,ORD1041,CAR015,Bengaluru,Indore,1112,35366,459.4,2026-08-14,MH-44-AB-2455
SHP5042,ORD1042,CAR018,Ahmedabad,Patna,769,41364,143.6,2026-08-15,MH-93-AB-6808
SHP5043,ORD1043,CAR032,Nagpur,Pune,368,20210,429.9,2026-08-16,MH-22-AB-5796
SHP5044,ORD1044,CAR011,Nagpur,Nagpur,1383,12939,149.6,2026-08-17,MH-58-AB-2325
SHP5045,ORD1045,CAR020,Ahmedabad,Surat,1023,43355,455.8,2026-08-18,MH-71-AB-2159
SHP5046,ORD1046,CAR024,Kolkata,Lucknow,1225,17521,378.2,2026-08-19,MH-52-AB-5987
SHP5047,ORD1047,CAR015,Delhi,Surat,1629,7916,403.4,2026-08-20,MH-48-AB-1340
SHP5048,ORD1048,CAR048,Kolkata,Pune,1858,8480,13.9,2026-08-21,MH-58-AB-1703
SHP5049,ORD1049,CAR007,Kolkata,Kanpur,1694,19558,481.6,2026-08-22,MH-71-AB-6482
SHP5050,ORD1050,CAR021,Nagpur,Surat,346,12601,364.7,2026-08-23,MH-63-AB-7376
